"Date","Price","Open","High","Low","Vol.","Change %"
"01/04/2021","111.73","107.23","113.63","103.26","22.44M","6.95%"
"01/05/2021","109.18","113.82","114.98","107.20","15.45M","-2.28%"
"01/06/2021","116.26","111.11","116.93","110.28","21.59M","6.48%"
"01/07/2021","115.09","120.10","122.82","112.13","20.61M","-1.01%"
"01/08/2021","112.75","116.52","117.71","111.49","12.38M","-2.03%"
"01/11/2021","117.26","112.75","121.24","112.62","16.65M","4.00%"
"01/12/2021","124.55","117.93","124.91","117.12","15.30M","6.22%"
"01/13/2021","124.06","123.70","127.58","120.74","14.32M","-0.39%"
"01/14/2021","129.72","122.80","130.98","122.80","13.35M","4.56%"
"01/15/2021","129.65","129.60","133.29","126.58","15.77M","-0.05%"
"01/19/2021","125.01","122.10","126.36","120.50","16.53M","-3.58%"
"01/20/2021","125.14","124.51","126.01","122.25","8.00M","0.10%"
"01/21/2021","132.98","125.28","137.00","125.25","20.88M","6.26%"
"01/22/2021","131.02","132.50","135.87","128.90","10.07M","-1.47%"
"01/25/2021","147.00","138.40","147.43","137.25","26.97M","12.20%"
"01/26/2021","151.93","145.15","154.55","145.00","16.96M","3.35%"
"01/27/2021","155.73","151.20","164.55","149.00","20.26M","2.50%"
"01/28/2021","159.55","154.10","168.00","153.62","16.50M","2.45%"
"01/29/2021","173.16","174.99","185.98","166.20","39.69M","8.53%"
"02/01/2021","157.48","173.03","174.50","154.30","22.06M","-9.06%"
"02/02/2021","158.58","158.52","159.05","147.10","14.92M","0.70%"
"02/03/2021","165.86","156.60","168.39","156.40","11.36M","4.59%"
"02/04/2021","173.31","166.42","173.73","164.25","10.62M","4.49%"
"02/05/2021","176.24","170.99","177.50","170.26","8.99M","1.69%"
"02/08/2021","185.98","177.00","189.26","176.81","12.94M","5.53%"
"02/09/2021","179.52","186.21","187.00","177.27","8.40M","-3.47%"
"02/10/2021","179.34","182.74","185.22","176.37","7.07M","-0.10%"
"02/11/2021","183.44","178.29","184.22","176.20","5.46M","2.29%"
"02/12/2021","183.74","184.89","185.00","177.58","5.71M","0.16%"
"02/16/2021","178.53","182.41","184.18","173.51","6.92M","-2.84%"
"02/17/2021","176.76","174.28","178.01","171.62","6.55M","-0.99%"
"02/18/2021","169.57","171.59","175.47","168.00","5.12M","-4.07%"
"02/19/2021","174.74","173.54","179.30","170.53","6.41M","3.05%"
"02/22/2021","159.37","167.80","170.35","158.58","11.15M","-8.80%"
"02/23/2021","150.17","151.25","153.00","136.00","15.51M","-5.77%"
"02/24/2021","144.79","150.41","151.00","143.47","9.76M","-3.58%"
"02/25/2021","148.38","150.78","160.98","145.86","15.17M","2.48%"
"02/26/2021","154.81","157.98","159.60","150.88","13.45M","4.33%"
"03/01/2021","157.40","154.46","157.78","145.25","15.35M","1.67%"
"03/02/2021","146.81","153.50","154.47","146.44","8.63M","-6.73%"
"03/03/2021","131.22","146.09","147.32","131.00","13.68M","-10.62%"
"03/04/2021","132.30","128.70","135.47","126.69","10.93M","0.82%"
"03/05/2021","132.19","133.07","134.27","121.12","12.04M","-0.08%"
"03/08/2021","123.47","129.15","133.55","122.48","6.84M","-6.60%"
"03/09/2021","130.87","127.11","132.30","125.60","7.83M","5.99%"
"03/10/2021","129.75","133.62","135.71","128.79","5.56M","-0.86%"
"03/11/2021","140.47","132.98","140.85","131.48","8.14M","8.26%"
"03/12/2021","136.99","134.04","138.74","133.20","4.92M","-2.48%"
"03/15/2021","143.66","136.77","143.85","135.01","7.36M","4.87%"
"03/16/2021","156.02","148.50","157.75","145.84","16.99M","8.60%"
"03/17/2021","147.55","150.25","152.08","143.25","12.89M","-5.43%"
"03/18/2021","141.46","144.45","147.61","140.86","7.14M","-4.13%"
"03/19/2021","143.74","143.06","145.18","138.53","6.93M","1.61%"
"03/22/2021","145.60","144.19","147.92","141.85","6.05M","1.29%"
"03/23/2021","136.52","145.61","146.19","136.38","6.96M","-6.24%"
"03/24/2021","131.61","137.25","137.74","131.01","5.86M","-3.60%"
"03/25/2021","133.33","127.33","134.31","126.42","5.70M","1.31%"
"03/26/2021","133.28","133.38","135.60","128.02","4.05M","-0.04%"
"03/29/2021","123.42","130.11","131.30","121.90","10.81M","-7.40%"
"03/30/2021","118.49","123.15","123.60","117.34","11.06M","-3.99%"
"03/31/2021","130.95","121.10","131.80","119.33","10.02M","10.52%"
"04/01/2021","132.55","132.20","136.64","130.34","7.27M","1.22%"
"04/05/2021","129.91","132.60","133.19","127.04","5.22M","-1.99%"
"04/06/2021","133.53","130.11","138.25","128.16","7.44M","2.79%"
"04/07/2021","131.47","132.37","135.16","130.21","4.38M","-1.54%"
"04/08/2021","133.88","132.85","135.90","132.06","4.53M","1.83%"
"04/09/2021","140.92","133.51","144.00","133.34","9.92M","5.26%"
"04/12/2021","139.40","142.37","143.49","136.36","6.06M","-1.08%"
"04/13/2021","149.71","146.80","152.11","145.35","13.73M","7.40%"
"04/14/2021","160.03","153.66","160.92","152.49","15.39M","6.89%"
"04/15/2021","159.87","159.00","163.58","155.23","10.34M","-0.10%"
"04/16/2021","170.81","158.68","171.92","158.21","19.04M","6.84%"
"04/19/2021","161.91","166.61","168.20","159.60","10.01M","-5.21%"
"04/20/2021","156.78","160.32","162.73","153.27","7.15M","-3.17%"
"04/21/2021","169.50","158.60","170.11","157.69","11.35M","8.11%"
"04/22/2021","168.10","168.26","179.00","164.62","15.92M","-0.83%"
"04/23/2021","173.63","170.30","175.51","168.35","8.86M","3.29%"
"04/26/2021","177.61","171.79","179.60","168.88","12.20M","2.29%"
"04/27/2021","183.41","178.36","185.53","178.18","12.93M","3.27%"
"04/28/2021","178.68","182.37","182.89","176.12","8.38M","-2.58%"
"04/29/2021","175.67","183.33","186.80","174.76","8.36M","-1.68%"
"04/30/2021","178.82","175.59","184.00","174.52","9.50M","1.79%"
"05/03/2021","186.02","183.90","189.00","182.21","14.63M","4.03%"
"05/04/2021","173.59","185.33","188.49","171.63","16.92M","-6.68%"
"05/05/2021","162.84","178.10","180.70","156.81","18.91M","-6.19%"
"05/06/2021","160.50","148.00","163.47","143.56","29.66M","-1.44%"
"05/07/2021","163.15","165.78","169.02","160.82","11.95M","1.65%"
"05/10/2021","158.55","164.01","164.76","155.71","8.81M","-2.82%"
"05/11/2021","158.99","151.31","161.99","150.06","8.09M","0.28%"
"05/12/2021","152.68","154.11","158.91","151.15","5.72M","-3.97%"
"05/13/2021","149.87","152.60","155.62","146.85","5.77M","-1.84%"
"05/14/2021","161.38","150.85","162.46","150.40","6.51M","7.68%"
"05/17/2021","160.43","159.00","163.37","156.72","4.23M","-0.59%"
"05/18/2021","159.53","160.16","165.75","157.90","4.81M","-0.56%"
"05/19/2021","157.99","155.74","160.07","154.51","3.94M","-0.97%"
"05/20/2021","165.97","159.92","166.81","158.89","4.83M","5.05%"
"05/21/2021","161.45","168.93","169.28","161.35","5.17M","-2.72%"
"05/24/2021","164.17","162.88","166.80","161.01","4.50M","1.68%"
"05/25/2021","169.26","166.56","171.74","165.10","7.76M","3.10%"
"05/26/2021","175.59","168.70","175.62","168.51","6.89M","3.74%"
"05/27/2021","179.54","174.20","180.00","173.63","10.84M","2.25%"
"05/28/2021","185.01","178.62","186.64","178.36","8.57M","3.05%"
"06/01/2021","184.66","184.08","185.28","178.80","6.01M","-0.19%"
"06/02/2021","191.60","183.90","194.50","183.28","10.14M","3.76%"
"06/03/2021","195.22","188.89","200.00","188.63","9.27M","1.89%"
"06/04/2021","206.07","197.90","207.38","197.33","11.10M","5.56%"
"06/07/2021","219.57","207.10","227.71","206.42","19.03M","6.55%"
"06/08/2021","213.00","220.10","222.34","202.50","11.86M","-2.99%"
"06/09/2021","217.44","212.30","221.50","212.01","8.02M","2.08%"
"06/10/2021","217.00","216.62","221.88","207.70","11.76M","-0.20%"
"06/11/2021","218.85","211.90","218.90","211.80","5.58M","0.85%"
"06/14/2021","207.41","213.27","213.49","198.00","11.74M","-5.23%"
"06/15/2021","201.59","203.49","207.85","199.20","6.79M","-2.81%"
"06/16/2021","197.84","200.00","203.98","193.20","7.26M","-1.86%"
"06/17/2021","202.47","200.00","203.92","197.72","4.96M","2.34%"
"06/18/2021","199.19","201.39","204.84","194.51","6.66M","-1.62%"
"06/21/2021","208.24","200.86","211.04","200.00","7.42M","4.54%"
"06/22/2021","221.36","210.76","222.40","210.25","10.07M","6.30%"
"06/23/2021","212.04","219.98","224.57","205.55","14.56M","-4.21%"
"06/24/2021","220.14","214.38","221.49","213.46","8.17M","3.82%"
"06/25/2021","219.94","221.26","226.51","216.33","13.32M","-0.09%"
"06/28/2021","222.94","223.00","225.09","215.60","6.19M","1.36%"
"06/29/2021","234.46","221.19","238.40","219.33","11.42M","5.17%"
"06/30/2021","234.98","237.98","245.70","232.41","9.32M","0.22%"
"07/01/2021","235.11","236.30","236.71","227.67","5.93M","0.06%"
"07/02/2021","234.30","235.10","238.90","230.14","4.20M","-0.34%"
"07/06/2021","233.34","229.62","234.60","225.43","4.96M","-0.41%"
"07/07/2021","221.90","231.76","231.86","220.82","4.89M","-4.90%"
"07/08/2021","232.79","215.66","233.41","214.07","8.72M","4.91%"
"07/09/2021","232.81","231.96","233.80","224.28","5.31M","0.01%"
"07/12/2021","239.34","230.98","242.39","229.20","6.94M","2.80%"
"07/13/2021","235.15","239.14","239.82","233.80","4.19M","-1.75%"
"07/14/2021","246.66","237.24","249.92","237.22","9.42M","4.89%"
"07/15/2021","259.67","246.66","261.22","245.51","15.13M","5.28%"
"07/16/2021","286.43","276.92","288.88","271.50","41.40M","10.30%"
"07/19/2021","313.59","284.54","317.88","283.14","35.53M","9.48%"
"07/20/2021","307.33","318.22","342.51","292.00","123.12M","-2.00%"
"07/21/2021","321.11","298.51","325.88","293.62","30.86M","4.48%"
"07/22/2021","323.48","319.00","329.60","316.29","16.49M","0.74%"
"07/23/2021","348.83","330.90","349.45","325.17","23.43M","7.84%"
"07/26/2021","335.87","352.00","362.00","329.15","23.39M","-3.72%"
"07/27/2021","328.50","335.31","344.89","318.29","17.20M","-2.19%"
"07/28/2021","349.32","333.01","350.99","327.50","13.09M","6.34%"
"07/29/2021","345.64","350.64","351.22","336.00","10.10M","-1.05%"
"07/30/2021","353.60","346.90","359.90","342.28","11.35M","2.30%"
"08/02/2021","346.61","360.00","365.60","343.20","13.69M","-1.98%"
"08/03/2021","386.51","348.50","386.98","344.50","20.42M","11.51%"
"08/04/2021","419.05","385.00","433.00","377.11","32.25M","8.42%"
"08/05/2021","416.26","409.72","443.99","403.00","25.57M","-0.67%"
"08/06/2021","413.72","410.30","419.26","393.61","18.92M","-0.61%"
"08/09/2021","484.47","411.30","493.76","409.66","42.27M","17.10%"
"08/10/2021","456.76","485.50","497.49","454.00","36.50M","-5.72%"
"08/11/2021","385.33","443.57","453.73","372.00","53.88M","-15.64%"
"08/12/2021","391.42","400.00","406.35","377.09","34.35M","1.58%"
"08/13/2021","389.78","405.24","406.32","387.10","16.53M","-0.42%"
"08/16/2021","373.86","379.27","379.57","349.00","23.60M","-4.08%"
"08/17/2021","401.86","361.00","402.49","358.55","25.98M","7.49%"
"08/18/2021","398.80","406.50","413.30","386.21","19.12M","-0.76%"
"08/19/2021","375.53","385.00","394.92","375.00","14.25M","-5.84%"
"08/20/2021","382.98","374.55","387.49","369.26","13.22M","1.98%"
"08/23/2021","411.89","390.34","411.97","385.77","15.80M","7.55%"
"08/24/2021","394.94","405.69","407.58","387.56","13.96M","-4.12%"
"08/25/2021","397.87","391.70","413.80","387.97","14.43M","0.74%"
"08/26/2021","400.30","395.45","404.67","392.15","8.90M","0.61%"
"08/27/2021","382.22","398.83","398.98","378.72","13.19M","-4.52%"
"08/30/2021","370.69","369.00","389.04","362.80","15.53M","-3.02%"
"08/31/2021","376.69","375.91","384.68","370.50","10.92M","1.62%"
"09/01/2021","389.94","382.84","394.98","375.20","11.62M","3.52%"
"09/02/2021","397.66","393.13","402.80","390.52","8.91M","1.98%"
"09/03/2021","416.70","392.71","416.81","388.68","13.86M","4.79%"
"09/07/2021","436.39","409.50","438.55","408.96","16.00M","4.73%"
"09/08/2021","422.90","433.72","437.17","418.20","11.48M","-3.09%"
"09/09/2021","455.92","429.93","459.42","427.09","22.19M","7.81%"
"09/10/2021","449.38","463.16","464.85","448.11","12.60M","-1.43%"
"09/13/2021","419.72","448.00","448.81","415.00","15.66M","-6.60%"
"09/14/2021","427.71","419.27","443.76","418.63","14.74M","1.90%"
"09/15/2021","434.46","427.45","437.80","422.16","12.89M","1.58%"
"09/16/2021","440.65","431.21","446.64","429.00","10.11M","1.42%"
"09/17/2021","430.05","438.53","442.00","406.87","30.54M","-2.41%"
"09/20/2021","423.33","417.51","435.45","416.51","12.93M","-1.56%"
"09/21/2021","434.04","424.30","439.59","420.30","9.36M","2.53%"
"09/22/2021","440.72","433.09","443.73","428.60","9.00M","1.54%"
"09/23/2021","454.60","439.79","458.50","438.79","9.62M","3.15%"
"09/24/2021","430.14","448.08","453.61","426.61","12.98M","-5.38%"
"09/27/2021","408.84","430.60","434.00","407.26","13.35M","-4.95%"
"09/28/2021","384.21","398.56","403.30","376.03","15.94M","-6.02%"
"09/29/2021","378.90","393.21","397.98","375.55","11.42M","-1.38%"
"09/30/2021","384.86","381.82","390.60","377.10","9.61M","1.57%"
"10/01/2021","341.09","358.33","359.11","323.41","34.35M","-11.37%"
"10/04/2021","325.84","308.88","330.55","305.00","23.33M","-4.47%"
"10/05/2021","332.11","331.00","338.03","327.20","11.64M","1.92%"
"10/06/2021","302.42","318.71","325.68","300.62","17.46M","-8.94%"
"10/07/2021","309.36","295.46","317.35","293.58","15.79M","2.29%"
"10/08/2021","304.91","310.80","314.05","297.54","10.63M","-1.44%"
"10/11/2021","305.10","299.32","314.11","298.10","7.63M","0.06%"
"10/12/2021","311.13","313.03","315.94","301.91","10.19M","1.98%"
"10/13/2021","321.50","314.90","327.74","313.30","12.77M","3.33%"
"10/14/2021","331.88","329.00","337.36","322.10","12.85M","3.23%"
"10/15/2021","324.21","341.01","341.55","318.50","17.24M","-2.31%"
"10/18/2021","334.84","322.26","338.54","320.54","8.75M","3.28%"
"10/19/2021","333.61","339.11","347.87","331.01","8.56M","-0.37%"
"10/20/2021","333.01","334.01","338.60","329.36","4.98M","-0.18%"
"10/21/2021","339.57","337.21","341.52","333.40","5.60M","1.97%"
"10/22/2021","326.54","332.54","335.75","317.18","7.78M","-3.84%"
"10/25/2021","349.56","327.36","350.06","323.27","9.77M","7.05%"
"10/26/2021","345.74","352.00","356.77","341.37","6.67M","-1.09%"
"10/27/2021","340.88","344.25","350.64","338.34","4.72M","-1.41%"
"10/28/2021","347.92","343.10","353.28","341.54","4.74M","2.07%"
"10/29/2021","345.21","344.47","347.70","337.25","4.46M","-0.78%"
"11/01/2021","337.17","334.99","338.07","320.55","8.66M","-2.33%"
"11/02/2021","348.64","338.74","349.45","337.04","5.26M","3.40%"
"11/03/2021","345.92","350.00","350.10","336.20","6.45M","-0.78%"
"11/04/2021","284.02","295.81","297.73","278.00","30.97M","-17.89%"
"11/05/2021","236.99","241.57","246.10","210.96","59.63M","-16.56%"
"11/08/2021","244.68","233.06","245.92","233.06","14.61M","3.24%"
"11/09/2021","236.85","246.07","250.57","232.21","10.96M","-3.20%"
"11/10/2021","228.96","230.10","239.10","225.57","9.12M","-3.33%"
"11/11/2021","225.82","227.67","232.27","221.60","8.36M","-1.37%"
"11/12/2021","231.19","225.86","232.56","224.42","6.83M","2.38%"
"11/15/2021","235.07","230.82","236.60","225.63","5.67M","1.68%"
"11/16/2021","234.28","234.01","239.99","230.29","5.33M","-0.34%"
"11/17/2021","242.23","234.79","249.14","234.57","8.02M","3.39%"
"11/18/2021","251.41","246.12","253.19","243.79","7.40M","3.79%"
"11/19/2021","263.78","265.42","274.84","258.09","15.62M","4.92%"
"11/22/2021","282.69","268.07","289.00","264.20","13.85M","7.17%"
"11/23/2021","276.38","277.74","281.98","269.18","6.90M","-2.23%"
"11/24/2021","273.39","273.01","275.28","266.31","4.76M","-1.08%"
"11/26/2021","329.63","319.34","350.15","313.00","35.90M","20.57%"
"11/29/2021","368.51","370.33","376.65","350.27","33.95M","11.80%"
"11/30/2021","352.43","351.58","357.64","337.29","25.16M","-4.36%"
"12/01/2021","310.61","330.00","336.36","310.57","21.60M","-11.87%"
"12/02/2021","301.49","301.29","318.47","291.03","15.41M","-2.94%"
"12/03/2021","306.72","318.09","318.79","293.60","12.70M","1.73%"
"12/06/2021","265.33","280.85","287.48","256.56","19.84M","-13.49%"
"12/07/2021","282.35","268.14","287.77","263.07","10.77M","6.41%"
"12/08/2021","283.40","282.38","288.28","272.91","7.11M","0.37%"
"12/09/2021","272.21","285.19","285.71","271.33","5.23M","-3.95%"
"12/10/2021","257.06","235.40","261.97","233.51","17.51M","-5.57%"
"12/13/2021","271.99","257.40","275.78","256.97","10.59M","5.81%"
"12/14/2021","277.16","264.30","278.33","257.20","6.44M","1.90%"
"12/15/2021","283.28","271.80","290.35","271.55","9.27M","2.21%"
"12/16/2021","282.02","284.20","287.13","277.07","5.97M","-0.44%"
"12/17/2021","294.80","275.57","296.39","269.00","10.63M","4.53%"
"12/20/2021","276.38","321.30","321.30","275.12","16.99M","-6.25%"
"12/21/2021","268.14","275.50","281.30","257.20","12.54M","-2.98%"
"12/22/2021","251.36","264.06","267.00","245.50","13.96M","-6.26%"
"12/23/2021","249.99","250.41","253.65","238.50","9.84M","-0.55%"
"12/27/2021","246.88","243.00","252.72","240.58","8.26M","-1.24%"
"12/28/2021","241.44","245.37","254.57","237.58","9.29M","-2.20%"
"12/29/2021","247.88","239.33","249.49","233.20","9.14M","2.67%"
"12/30/2021","251.60","243.83","254.32","242.13","6.58M","1.50%"
"12/31/2021","253.98","249.88","259.20","246.70","6.82M","0.95%"
"01/03/2022","235.05","247.12","249.42","231.08","11.89M","-7.45%"
"01/04/2022","233.06","232.20","239.43","225.24","10.46M","-0.85%"
"01/05/2022","215.23","232.10","237.88","214.60","9.04M","-7.65%"
"01/06/2022","216.06","216.04","222.22","205.23","8.17M","0.39%"
"01/07/2022","213.86","216.41","221.97","211.95","5.28M","-1.02%"
"01/10/2022","233.70","211.37","241.99","207.50","17.19M","9.28%"
"01/11/2022","221.39","226.00","228.00","220.28","7.33M","-5.27%"
"01/12/2022","222.89","220.48","228.50","218.76","5.85M","0.68%"
"01/13/2022","210.17","219.56","221.50","209.58","7.41M","-5.71%"
"01/14/2022","204.73","204.01","212.76","200.08","10.17M","-2.59%"
"01/18/2022","186.61","196.91","198.82","185.39","11.04M","-8.85%"
"01/19/2022","174.07","188.84","191.34","173.41","10.60M","-6.72%"
"01/20/2022","167.52","174.99","177.47","166.21","11.49M","-3.76%"
"01/21/2022","160.07","166.23","171.25","157.29","11.80M","-4.45%"
"01/24/2022","157.30","153.47","158.00","138.17","16.64M","-1.73%"
"01/25/2022","152.54","156.01","168.26","150.00","11.47M","-3.03%"
"01/26/2022","154.96","157.99","165.85","152.80","9.30M","1.59%"
"01/27/2022","148.62","157.43","158.28","146.54","8.66M","-4.09%"
"01/28/2022","159.47","149.95","159.87","146.76","6.76M","7.30%"
"01/31/2022","169.33","160.05","170.33","154.56","9.29M","6.18%"
"02/01/2022","172.74","175.20","177.57","167.29","7.33M","2.01%"
"02/02/2022","169.61","170.81","177.20","163.58","5.40M","-1.81%"
"02/03/2022","163.95","165.07","170.10","163.20","4.49M","-3.34%"
"02/04/2022","163.01","165.64","167.50","160.25","4.38M","-0.57%"
"02/07/2022","160.27","162.20","165.54","156.27","4.43M","-1.68%"
"02/08/2022","153.31","155.20","157.17","147.57","7.62M","-4.34%"
"02/09/2022","164.03","154.37","164.23","154.17","5.62M","6.99%"
"02/10/2022","160.42","158.00","168.67","157.54","5.97M","-2.20%"
"02/11/2022","161.32","161.25","168.79","160.08","5.25M","0.56%"
"02/14/2022","142.47","157.53","159.50","138.14","16.67M","-11.68%"
"02/15/2022","151.12","142.49","152.93","139.21","10.90M","6.07%"
"02/16/2022","151.81","147.62","152.39","144.50","5.54M","0.46%"
"02/17/2022","146.36","150.20","154.66","145.28","6.18M","-3.59%"
"02/18/2022","145.74","147.55","151.46","141.31","5.46M","-0.42%"
"02/22/2022","144.97","142.26","151.20","141.86","6.64M","-0.53%"
"02/23/2022","135.73","145.17","145.72","134.00","7.82M","-6.37%"
"02/24/2022","156.23","139.87","156.42","138.12","17.40M","15.10%"
"02/25/2022","151.33","156.02","156.19","147.01","7.82M","-3.14%"
"02/28/2022","153.60","150.98","155.47","147.44","6.60M","1.50%"
"03/01/2022","149.52","152.48","156.38","147.92","4.84M","-2.66%"
"03/02/2022","147.86","149.44","150.57","140.44","5.39M","-1.11%"
"03/03/2022","141.52","147.90","149.23","139.53","4.62M","-4.29%"
"03/04/2022","136.46","140.82","143.91","135.91","5.51M","-3.58%"
"03/07/2022","126.46","135.12","138.40","126.28","6.18M","-7.33%"
"03/08/2022","129.28","125.00","136.96","122.01","6.68M","2.23%"
"03/09/2022","142.49","132.07","145.28","132.05","9.53M","10.22%"
"03/10/2022","139.52","139.51","140.83","135.85","5.56M","-2.08%"
"03/11/2022","138.20","140.75","145.80","138.00","5.36M","-0.95%"
"03/14/2022","150.07","140.20","166.75","139.73","22.84M","8.59%"
"03/15/2022","148.12","156.27","158.00","141.75","13.19M","-1.30%"
"03/16/2022","169.36","150.00","169.80","149.67","14.09M","14.34%"
"03/17/2022","168.26","167.75","172.14","160.66","7.79M","-0.65%"
"03/18/2022","178.93","171.58","180.80","170.10","12.53M","6.34%"
"03/21/2022","175.38","179.91","182.60","172.44","6.02M","-1.98%"
"03/22/2022","186.72","175.38","188.00","168.18","8.57M","6.47%"
"03/23/2022","178.73","184.66","185.75","176.80","7.32M","-4.28%"
"03/24/2022","179.68","175.84","181.86","172.35","6.32M","0.53%"
"03/25/2022","165.92","178.25","179.19","163.03","8.29M","-7.66%"
"03/28/2022","173.08","167.37","174.45","165.80","6.44M","4.32%"
"03/29/2022","180.64","174.07","182.10","171.03","7.23M","4.37%"
"03/30/2022","174.92","182.57","187.71","172.77","7.03M","-3.17%"
"03/31/2022","172.26","175.22","178.44","171.11","5.68M","-1.52%"
"04/01/2022","176.59","173.35","179.03","170.60","4.91M","2.51%"
"04/04/2022","172.54","177.24","180.87","171.07","5.92M","-2.29%"
"04/05/2022","162.05","169.25","172.40","160.43","6.65M","-6.08%"
"04/06/2022","154.62","157.48","161.64","150.71","7.41M","-4.59%"
"04/07/2022","159.00","153.13","159.77","151.39","5.73M","2.83%"
"04/08/2022","160.84","156.79","165.18","156.60","5.46M","1.16%"
"04/11/2022","160.00","156.00","163.35","152.10","5.23M","-0.52%"
"04/12/2022","159.50","158.99","164.78","157.00","5.04M","-0.31%"
"04/13/2022","169.66","158.37","172.46","155.69","6.74M","6.37%"
"04/14/2022","165.49","168.59","170.75","164.85","4.35M","-2.46%"
"04/18/2022","154.75","165.00","165.89","154.27","4.83M","-6.49%"
"04/19/2022","152.72","151.77","153.67","147.23","6.56M","-1.31%"
"04/20/2022","150.12","152.97","153.67","146.56","3.93M","-1.70%"
"04/21/2022","144.50","149.43","154.71","144.03","3.91M","-3.74%"
"04/22/2022","140.34","143.23","148.81","139.87","4.11M","-2.88%"
"04/25/2022","150.41","139.90","151.37","139.40","6.10M","7.18%"
"04/26/2022","145.79","148.48","151.74","143.99","5.16M","-3.07%"
"04/27/2022","142.43","146.09","149.85","139.31","4.72M","-2.30%"
"04/28/2022","142.52","143.73","148.45","136.09","5.68M","0.06%"
"04/29/2022","134.41","144.47","150.35","134.19","7.10M","-5.69%"
"05/02/2022","142.08","134.87","146.45","134.82","7.77M","5.71%"
"05/03/2022","146.54","141.93","149.28","137.53","6.33M","3.14%"
"05/04/2022","155.05","153.48","155.46","142.23","11.09M","5.81%"
"05/05/2022","142.02","151.87","152.00","138.65","8.06M","-8.40%"
"05/06/2022","134.40","139.70","140.60","131.00","7.01M","-5.37%"
"05/09/2022","135.80","132.79","141.65","131.78","9.63M","1.04%"
"05/10/2022","132.32","137.40","139.05","127.61","8.18M","-2.56%"
"05/11/2022","123.43","130.74","134.91","122.72","7.41M","-6.72%"
"05/12/2022","130.17","120.60","132.94","119.01","7.11M","5.46%"
"05/13/2022","137.91","132.31","141.65","132.31","6.49M","5.95%"
"05/16/2022","136.26","135.87","141.60","133.82","4.54M","-1.20%"
"05/17/2022","142.28","137.52","143.89","136.09","5.96M","4.42%"
"05/18/2022","137.71","138.41","144.13","136.29","4.98M","-3.21%"
"05/19/2022","143.38","140.87","148.50","140.46","7.71M","4.12%"
"05/20/2022","136.25","143.07","144.77","131.35","5.88M","-4.97%"
"05/23/2022","137.62","137.60","141.31","136.24","4.28M","1.01%"
"05/24/2022","132.06","136.24","136.60","126.77","6.15M","-4.04%"
"05/25/2022","130.85","130.98","133.00","126.28","5.34M","-0.92%"
"05/26/2022","135.80","130.85","136.14","126.53","5.16M","3.78%"
"05/27/2022","147.66","137.38","148.54","136.59","7.59M","8.73%"
"05/31/2022","145.33","145.05","149.44","142.74","8.34M","-1.58%"
"06/01/2022","143.40","146.09","149.08","140.87","3.65M","-1.33%"
"06/02/2022","140.18","140.20","142.50","130.92","7.15M","-2.25%"
"06/03/2022","137.15","139.58","143.38","135.07","4.06M","-2.16%"
"06/06/2022","140.00","137.99","143.00","136.71","3.14M","2.08%"
"06/07/2022","145.34","139.37","146.35","137.96","4.07M","3.81%"
"06/08/2022","148.53","147.47","152.73","146.75","4.71M","2.19%"
"06/09/2022","134.04","148.46","148.74","134.00","7.53M","-9.76%"
"06/10/2022","127.12","132.89","134.69","124.53","6.27M","-5.16%"
"06/13/2022","117.13","122.71","124.78","115.61","6.70M","-7.86%"
"06/14/2022","121.56","117.26","123.15","115.89","5.50M","3.78%"
"06/15/2022","128.53","122.44","131.38","122.44","6.97M","5.73%"
"06/16/2022","121.08","124.38","125.25","118.06","5.72M","-5.80%"
"06/17/2022","128.03","120.73","128.77","120.20","8.36M","5.74%"
"06/21/2022","129.99","130.49","134.57","129.67","4.32M","1.53%"
"06/22/2022","136.07","127.50","139.90","126.59","6.05M","4.68%"
"06/23/2022","143.26","136.04","143.66","132.80","4.72M","5.28%"
"06/24/2022","144.27","143.99","144.89","138.22","8.48M","0.71%"
"06/27/2022","145.36","143.00","146.40","138.49","4.39M","0.76%"
"06/28/2022","142.19","143.40","149.79","140.95","3.99M","-2.18%"
"06/29/2022","142.81","140.43","144.36","138.62","2.91M","0.44%"
"06/30/2022","142.85","143.40","147.35","135.52","5.63M","0.03%"
"07/01/2022","149.95","141.93","151.10","139.54","4.84M","4.97%"
"07/05/2022","155.54","148.66","158.79","146.84","6.02M","3.73%"
"07/06/2022","159.56","154.51","161.01","150.40","4.96M","2.58%"
"07/07/2022","172.40","159.50","173.66","159.38","7.63M","8.05%"
"07/08/2022","176.23","170.72","180.73","170.36","7.55M","2.22%"
"07/11/2022","175.26","173.51","180.48","171.29","6.60M","-0.55%"
"07/12/2022","173.25","174.73","176.90","170.16","5.14M","-1.15%"
"07/13/2022","171.24","168.88","176.65","167.15","4.08M","-1.16%"
"07/14/2022","159.92","169.24","170.86","155.93","6.76M","-6.61%"
"07/15/2022","166.91","161.00","167.00","155.93","4.27M","4.37%"
"07/18/2022","163.40","169.11","172.73","162.56","3.52M","-2.10%"
"07/19/2022","167.14","166.76","167.98","161.27","3.01M","2.29%"
"07/20/2022","166.89","167.00","172.51","163.92","2.89M","-0.15%"
"07/21/2022","168.89","165.36","171.89","165.25","2.52M","1.20%"
"07/22/2022","163.52","170.00","171.10","161.43","2.93M","-3.18%"
"07/25/2022","165.69","162.75","167.27","159.13","2.49M","1.33%"
"07/26/2022","160.90","166.30","166.30","159.90","2.88M","-2.89%"
"07/27/2022","158.02","161.00","161.28","154.10","4.28M","-1.79%"
"07/28/2022","158.07","157.00","158.81","151.73","3.49M","0.03%"
"07/29/2022","164.09","161.44","164.60","159.44","3.86M","3.81%"
"08/01/2022","161.51","163.85","166.18","160.06","3.79M","-1.57%"
"08/02/2022","160.81","161.03","165.29","160.76","3.52M","-0.43%"
"08/03/2022","186.49","167.74","189.33","167.74","13.75M","15.97%"
"08/04/2022","194.18","185.75","197.44","185.47","6.88M","4.12%"
"08/05/2022","186.84","189.27","192.40","182.26","5.43M","-3.78%"
"08/08/2022","182.94","185.20","190.28","180.09","4.08M","-2.09%"
"08/09/2022","171.14","176.01","180.71","169.20","5.08M","-6.45%"
"08/10/2022","174.27","174.09","176.68","169.82","3.55M","1.83%"
"08/11/2022","171.81","174.43","179.85","171.06","3.34M","-1.41%"
"08/12/2022","171.18","172.68","173.95","168.64","2.82M","-0.37%"
"08/15/2022","176.78","172.85","179.33","171.85","4.88M","3.27%"
"08/16/2022","167.96","176.00","180.13","166.60","5.05M","-4.99%"
"08/17/2022","158.00","165.04","167.62","157.68","5.52M","-5.93%"
"08/18/2022","150.00","157.00","158.51","148.26","7.04M","-5.06%"
"08/19/2022","146.10","147.64","150.75","144.99","4.69M","-2.60%"
"08/22/2022","142.47","145.25","148.88","141.57","4.49M","-2.48%"
"08/23/2022","143.78","141.70","144.81","139.21","3.68M","0.92%"
"08/24/2022","141.43","142.66","144.22","140.63","3.49M","-1.63%"
"08/25/2022","142.05","142.25","142.28","137.78","3.42M","0.44%"
"08/26/2022","136.70","142.80","145.50","136.66","4.00M","-3.77%"
"08/29/2022","137.26","135.09","139.37","135.00","3.24M","0.41%"
"08/30/2022","135.93","137.90","138.00","132.82","3.61M","-0.97%"
"08/31/2022","132.27","136.95","139.88","131.71","4.40M","-2.69%"
"09/01/2022","138.95","131.13","139.00","130.11","6.66M","5.05%"
"09/02/2022","138.57","140.36","140.93","137.47","5.27M","-0.27%"
"09/06/2022","130.08","138.00","138.40","129.82","5.87M","-6.13%"
"09/07/2022","134.90","129.68","135.10","129.58","3.97M","3.71%"
"09/08/2022","141.28","136.70","142.26","136.10","5.05M","4.73%"
"09/09/2022","142.28","142.04","142.65","138.06","3.50M","0.71%"
"09/12/2022","140.32","142.00","144.79","139.76","3.44M","-1.38%"
"09/13/2022","131.30","136.06","138.23","131.05","4.91M","-6.43%"
"09/14/2022","139.40","134.01","141.82","133.59","7.90M","6.17%"
"09/15/2022","135.86","138.61","139.84","135.58","4.36M","-2.54%"
"09/16/2022","137.74","134.37","139.88","133.76","7.56M","1.38%"
"09/19/2022","127.90","135.70","135.99","123.69","11.47M","-7.14%"
"09/20/2022","129.71","125.80","134.35","125.79","8.55M","1.41%"
"09/21/2022","125.76","130.37","131.79","125.68","3.85M","-3.04%"
"09/22/2022","124.32","124.32","126.08","122.90","3.47M","-1.15%"
"09/23/2022","123.64","122.81","125.01","121.25","3.94M","-0.55%"
"09/26/2022","119.69","123.34","125.88","119.56","3.82M","-3.19%"
"09/27/2022","122.23","120.58","125.16","120.25","3.80M","2.12%"
"09/28/2022","122.15","123.58","126.29","121.82","4.25M","-0.07%"
"09/29/2022","118.07","119.90","120.58","115.03","4.76M","-3.34%"
"09/30/2022","118.25","118.44","122.58","118.08","3.86M","0.15%"
"10/03/2022","120.99","119.32","122.40","115.41","3.81M","2.32%"
"10/04/2022","125.67","123.67","126.41","123.50","3.46M","3.87%"
"10/05/2022","125.62","122.40","126.74","121.61","2.28M","-0.04%"
"10/06/2022","125.15","124.78","127.64","122.93","2.36M","-0.37%"
"10/07/2022","119.32","121.50","123.36","118.46","3.16M","-4.66%"
"10/10/2022","123.42","119.32","125.25","118.47","3.82M","3.44%"
"10/11/2022","120.72","123.29","124.78","118.94","2.96M","-2.19%"
"10/12/2022","130.72","135.55","141.47","129.61","17.68M","8.28%"
"10/13/2022","134.72","126.36","136.12","126.19","5.07M","3.06%"
"10/14/2022","134.00","135.68","136.16","131.31","4.58M","-0.53%"
"10/17/2022","139.25","135.52","140.32","133.00","4.64M","3.92%"
"10/18/2022","134.09","140.74","141.00","132.39","5.10M","-3.71%"
"10/19/2022","123.52","132.50","133.29","122.92","6.02M","-7.88%"
"10/20/2022","118.38","122.94","124.69","118.31","5.50M","-4.16%"
"10/21/2022","128.32","123.77","130.30","122.03","8.13M","8.40%"
"10/24/2022","133.02","127.49","133.96","126.72","4.10M","3.66%"
"10/25/2022","136.57","134.00","138.35","133.00","4.35M","2.67%"
"10/26/2022","142.00","137.25","147.68","137.02","5.74M","3.98%"
"10/27/2022","144.11","143.38","146.25","140.80","3.67M","1.49%"
"10/28/2022","150.97","142.84","151.19","142.84","4.57M","4.76%"
"10/31/2022","150.33","149.43","154.34","148.57","3.68M","-0.42%"
"11/01/2022","154.62","154.77","158.88","152.41","4.34M","2.85%"
"11/02/2022","148.62","154.20","156.18","148.30","5.05M","-3.88%"
"11/03/2022","147.50","138.76","150.75","135.09","9.19M","-0.75%"
"11/04/2022","158.41","149.62","160.74","143.65","8.11M","7.40%"
"11/07/2022","164.04","158.46","165.49","155.81","4.86M","3.55%"
"11/08/2022","164.61","162.46","167.49","159.06","3.39M","0.35%"
"11/09/2022","163.21","162.50","169.83","162.35","3.81M","-0.85%"
"11/10/2022","168.56","164.52","169.28","161.71","4.89M","3.28%"
"11/11/2022","171.20","168.31","172.13","162.74","3.61M","1.57%"
"11/14/2022","179.03","169.27","184.24","169.27","6.66M","4.57%"
"11/15/2022","185.47","180.66","187.87","178.35","5.16M","3.60%"
"11/16/2022","185.25","184.44","188.65","182.88","4.03M","-0.12%"
"11/17/2022","183.90","181.33","184.44","178.98","3.37M","-0.73%"
"11/18/2022","181.59","184.00","188.45","181.22","3.55M","-1.26%"
"11/21/2022","176.75","179.71","180.79","175.17","3.10M","-2.67%"
"11/22/2022","179.59","176.08","179.83","170.27","3.31M","1.61%"
"11/23/2022","176.81","178.01","179.36","174.58","2.31M","-1.55%"
"11/25/2022","176.40","175.01","179.14","173.41","1.22M","-0.23%"
"11/28/2022","175.38","177.09","184.22","174.67","3.75M","-0.58%"
"11/29/2022","173.15","176.15","179.00","171.53","2.84M","-1.27%"
"11/30/2022","175.91","173.52","176.75","169.06","3.72M","1.59%"
"12/01/2022","181.48","173.41","185.90","172.38","4.87M","3.17%"
"12/02/2022","182.35","178.50","182.80","177.00","2.77M","0.48%"
"12/05/2022","175.93","180.99","183.68","173.59","3.53M","-3.52%"
"12/06/2022","173.54","175.02","175.78","169.70","3.39M","-1.36%"
"12/07/2022","179.00","172.31","180.38","171.85","3.58M","3.15%"
"12/08/2022","184.70","179.12","185.21","177.52","3.41M","3.18%"
"12/09/2022","177.35","185.00","185.41","177.10","3.50M","-3.98%"
"12/12/2022","165.13","175.53","175.77","162.78","5.20M","-6.89%"
"12/13/2022","197.54","187.33","208.52","184.02","26.24M","19.63%"
"12/14/2022","208.95","195.08","217.25","192.54","21.44M","5.78%"
"12/15/2022","207.25","207.61","212.44","202.09","9.65M","-0.81%"
"12/16/2022","193.29","206.37","209.85","190.62","11.82M","-6.74%"
"12/19/2022","189.89","200.00","204.00","187.86","6.95M","-1.76%"
"12/20/2022","201.16","189.00","204.22","187.54","9.56M","5.94%"
"12/21/2022","210.04","201.85","210.22","199.75","7.58M","4.41%"
"12/22/2022","208.34","209.82","212.47","201.61","5.38M","-0.81%"
"12/23/2022","199.08","206.69","208.99","197.56","6.17M","-4.44%"
"12/27/2022","180.17","199.90","201.43","179.83","6.74M","-9.50%"
"12/28/2022","176.50","180.00","183.75","174.51","5.53M","-2.04%"
"12/29/2022","178.86","178.19","182.50","175.40","3.75M","1.34%"
"12/30/2022","179.62","176.22","179.69","172.31","3.44M","0.42%"
"01/03/2023","178.99","180.85","184.39","178.23","4.03M","-0.35%"
"01/04/2023","177.36","182.42","183.61","175.63","2.84M","-0.91%"
"01/05/2023","173.51","174.80","175.51","171.60","3.05M","-2.17%"
"01/06/2023","180.35","174.96","181.74","171.40","3.58M","3.94%"
"01/09/2023","183.95","181.80","188.36","177.27","4.34M","2.00%"
"01/10/2023","189.65","182.70","189.81","181.50","2.46M","3.10%"
"01/11/2023","186.64","188.57","189.65","182.67","3.15M","-1.59%"
"01/12/2023","188.06","186.54","189.29","179.15","3.88M","0.76%"
"01/13/2023","192.00","185.08","192.12","185.05","3.23M","2.10%"
"01/17/2023","190.69","187.90","194.63","187.64","3.72M","-0.68%"
"01/18/2023","197.02","200.32","207.51","195.02","11.06M","3.32%"
"01/19/2023","190.38","196.21","197.31","190.32","4.27M","-3.37%"
"01/20/2023","193.98","190.60","194.59","188.52","4.05M","1.89%"
"01/23/2023","196.94","192.61","198.86","192.21","2.91M","1.53%"
"01/24/2023","196.76","195.83","197.06","193.21","1.85M","-0.09%"
"01/25/2023","193.07","194.33","194.96","189.75","2.29M","-1.88%"
"01/26/2023","193.24","194.43","195.00","187.55","2.39M","0.09%"
"01/27/2023","189.35","191.91","193.52","188.28","3.35M","-2.01%"
"01/30/2023","180.87","187.23","187.59","180.64","3.20M","-4.48%"
"01/31/2023","176.06","176.50","180.21","173.78","6.21M","-2.66%"
"02/01/2023","174.30","174.70","176.30","167.28","5.61M","-1.00%"
"02/02/2023","176.35","173.40","176.73","170.51","4.06M","1.18%"
"02/03/2023","173.25","172.74","178.74","172.40","2.82M","-1.76%"
"02/06/2023","170.27","171.98","174.41","169.67","2.86M","-1.72%"
"02/07/2023","171.06","170.26","171.87","167.03","2.57M","0.46%"
"02/08/2023","164.34","169.33","170.39","164.15","2.96M","-3.93%"
"02/09/2023","164.48","167.03","170.10","163.19","2.85M","0.09%"
"02/10/2023","169.28","164.00","169.51","162.65","2.95M","2.92%"
"02/13/2023","171.48","168.73","171.77","166.01","2.70M","1.30%"
"02/14/2023","175.62","170.89","176.04","169.29","2.91M","2.41%"
"02/15/2023","177.28","173.17","177.37","172.45","1.96M","0.95%"
"02/16/2023","172.31","173.07","176.20","171.59","2.47M","-2.80%"
"02/17/2023","166.60","163.00","166.72","160.66","5.06M","-3.31%"
"02/21/2023","160.09","165.25","166.86","159.49","3.30M","-3.91%"
"02/22/2023","158.17","160.35","161.49","157.00","3.08M","-1.20%"
"02/23/2023","147.57","153.73","157.50","143.72","9.38M","-6.70%"
"02/24/2023","139.26","140.53","144.27","138.21","6.00M","-5.63%"
"02/27/2023","138.27","139.52","140.91","136.72","4.97M","-0.71%"
"02/28/2023","138.81","138.27","140.96","137.37","3.99M","0.39%"
"03/01/2023","135.66","138.39","140.28","133.66","4.59M","-2.27%"
"03/02/2023","137.86","135.36","139.03","135.34","3.31M","1.62%"
"03/03/2023","143.20","138.68","144.85","138.15","3.96M","3.87%"
"03/06/2023","144.03","143.30","145.06","142.63","2.87M","0.58%"
"03/07/2023","141.05","143.78","145.74","139.68","2.78M","-2.07%"
"03/08/2023","142.08","140.32","142.53","140.32","2.19M","0.73%"
"03/09/2023","137.36","142.04","144.03","136.52","3.09M","-3.32%"
"03/10/2023","138.29","137.06","141.55","135.59","3.89M","0.68%"
"03/13/2023","147.90","138.49","148.94","138.06","5.68M","6.95%"
"03/14/2023","151.28","148.98","154.88","148.05","3.95M","2.29%"
"03/15/2023","149.60","148.88","151.19","147.61","2.74M","-1.11%"
"03/16/2023","151.78","149.67","152.85","147.97","2.66M","1.46%"
"03/17/2023","150.02","151.92","154.48","149.10","6.00M","-1.16%"
"03/20/2023","154.52","150.01","156.57","148.66","3.26M","3.00%"
"03/21/2023","152.10","154.54","155.70","151.82","3.01M","-1.57%"
"03/22/2023","148.18","153.31","153.68","148.07","2.82M","-2.58%"
"03/23/2023","149.42","149.92","153.76","146.90","2.71M","0.84%"
"03/24/2023","150.88","149.74","152.57","148.97","1.99M","0.98%"
"03/27/2023","148.35","149.80","150.38","145.36","2.64M","-1.68%"
"03/28/2023","146.92","147.98","149.66","146.18","1.99M","-0.96%"
"03/29/2023","148.80","149.00","150.09","147.55","1.90M","1.28%"
"03/30/2023","147.44","150.20","151.25","146.60","2.21M","-0.91%"
"03/31/2023","153.58","148.52","154.98","147.89","3.78M","4.16%"
"04/03/2023","159.48","153.50","159.99","153.50","3.97M","3.84%"
"04/04/2023","156.52","159.21","159.68","156.03","2.31M","-1.86%"
"04/05/2023","154.61","155.79","156.87","152.25","2.28M","-1.22%"
"04/06/2023","158.27","155.00","159.07","153.49","2.62M","2.37%"
"04/10/2023","160.15","160.00","161.19","154.45","2.73M","1.19%"
"04/11/2023","155.25","152.43","156.78","149.32","6.59M","-3.06%"
"04/12/2023","155.56","156.35","159.05","154.62","2.96M","0.20%"
"04/13/2023","160.53","156.61","162.10","155.32","2.91M","3.19%"
"04/14/2023","157.10","159.95","163.24","155.35","2.66M","-2.14%"
"04/17/2023","143.97","156.60","156.75","143.21","11.56M","-8.36%"
"04/18/2023","142.63","144.00","144.93","141.01","4.41M","-0.93%"
"04/19/2023","142.82","141.57","144.06","141.25","2.82M","0.13%"
"04/20/2023","141.14","141.40","144.43","140.44","3.14M","-1.18%"
"04/21/2023","140.85","141.01","142.82","138.55","3.13M","-0.21%"
"04/24/2023","138.14","140.87","141.20","136.05","3.51M","-1.92%"
"04/25/2023","134.90","138.13","139.62","134.70","3.28M","-2.35%"
"04/26/2023","130.72","134.81","135.97","129.88","3.58M","-3.10%"
"04/27/2023","130.07","130.89","132.27","129.65","3.10M","-0.50%"
"04/28/2023","132.89","130.04","133.26","129.02","3.00M","2.17%"
"05/01/2023","133.40","132.00","134.53","130.71","2.75M","0.38%"
"05/02/2023","131.40","133.51","135.56","130.54","3.25M","-1.50%"
"05/03/2023","130.14","130.52","132.88","129.85","3.32M","-0.96%"
"05/04/2023","134.33","133.93","138.22","129.75","5.50M","3.22%"
"05/05/2023","137.04","134.65","138.18","132.14","3.38M","2.02%"
"05/08/2023","131.75","136.24","137.13","131.20","3.99M","-3.86%"
"05/09/2023","133.77","131.48","133.88","130.91","2.56M","1.53%"
"05/10/2023","130.83","134.56","135.33","130.37","2.84M","-2.20%"
"05/11/2023","128.41","130.97","131.40","126.55","2.87M","-1.85%"
"05/12/2023","129.30","128.50","131.06","128.05","1.90M","0.69%"
"05/15/2023","130.26","128.70","130.75","126.50","2.28M","0.74%"
"05/16/2023","125.11","129.37","129.50","124.25","3.69M","-3.95%"
"05/17/2023","125.57","124.25","126.99","122.56","2.57M","0.37%"
"05/18/2023","125.33","125.92","126.01","122.99","3.01M","-0.19%"
"05/19/2023","126.24","126.18","126.88","124.58","2.60M","0.73%"
"05/22/2023","126.74","126.25","127.83","125.69","1.68M","0.40%"
"05/23/2023","137.75","126.49","139.91","125.60","7.73M","8.69%"
"05/24/2023","131.59","141.19","142.79","130.34","5.32M","-4.47%"
"05/25/2023","126.47","130.00","130.16","125.80","4.23M","-3.89%"
"05/26/2023","126.24","128.49","128.49","124.25","3.64M","-0.18%"
"05/30/2023","128.89","126.47","129.24","124.23","2.62M","2.10%"
"05/31/2023","127.71","128.88","130.45","125.16","3.93M","-0.92%"
"06/01/2023","128.52","128.44","129.09","125.50","1.94M","0.63%"
"06/02/2023","130.51","129.75","131.65","128.82","2.36M","1.55%"
"06/05/2023","128.90","131.00","134.59","128.84","3.21M","-1.23%"
"06/06/2023","126.90","129.00","129.15","124.75","2.49M","-1.55%"
"06/07/2023","125.61","126.59","127.09","125.30","3.16M","-1.02%"
"06/08/2023","124.94","125.41","125.41","122.28","2.50M","-0.53%"
"06/09/2023","123.26","124.70","125.63","122.80","2.20M","-1.34%"
"06/12/2023","123.52","123.36","123.88","121.55","2.99M","0.21%"
"06/13/2023","127.98","123.25","128.84","122.90","3.33M","3.61%"
"06/14/2023","126.05","128.08","128.62","124.61","2.98M","-1.51%"
"06/15/2023","129.98","126.00","130.19","125.08","3.03M","3.12%"
"06/16/2023","128.73","130.95","133.16","126.98","5.50M","-0.96%"
"06/20/2023","124.23","127.80","128.20","124.06","2.99M","-3.50%"
"06/21/2023","121.07","123.50","124.16","121.00","2.91M","-2.54%"
"06/22/2023","120.48","121.00","121.32","118.44","3.27M","-0.49%"
"06/23/2023","118.50","119.70","120.12","117.23","3.28M","-1.64%"
"06/26/2023","120.41","121.20","122.95","119.21","3.47M","1.61%"
"06/27/2023","120.67","120.45","120.89","118.51","2.38M","0.22%"
"06/28/2023","123.00","121.19","123.22","119.16","2.53M","1.93%"
"06/29/2023","122.11","122.50","122.98","121.30","1.89M","-0.72%"
"06/30/2023","121.50","123.15","123.61","121.50","2.41M","-0.50%"
"07/03/2023","121.73","121.75","122.94","120.12","1.78M","0.19%"
"07/05/2023","123.54","122.89","128.98","122.51","5.00M","1.49%"
"07/06/2023","118.29","122.51","123.27","117.11","4.86M","-4.25%"
"07/07/2023","118.87","118.01","120.14","117.82","2.44M","0.49%"
"07/10/2023","123.09","118.87","123.60","118.64","3.40M","3.55%"
"07/11/2023","122.13","123.44","124.50","121.21","2.13M","-0.78%"
"07/12/2023","125.92","124.46","127.38","123.55","2.97M","3.10%"
"07/13/2023","126.61","126.52","128.06","126.06","2.52M","0.55%"
"07/14/2023","121.35","124.52","124.88","120.58","4.10M","-4.15%"
"07/17/2023","122.60","120.60","122.84","120.07","2.68M","1.03%"
"07/18/2023","122.61","122.60","125.49","121.75","2.84M","0.01%"
"07/19/2023","125.17","123.49","126.78","123.22","3.03M","2.09%"
"07/20/2023","124.77","124.58","127.48","124.58","2.62M","-0.32%"
"07/21/2023","126.43","125.73","127.22","121.61","7.27M","1.33%"
"07/24/2023","123.01","126.43","126.46","121.28","4.15M","-2.71%"
"07/25/2023","121.87","123.18","125.36","121.78","2.71M","-0.93%"
"07/26/2023","120.65","121.87","121.95","118.90","2.58M","-1.00%"
"07/27/2023","118.51","121.50","122.14","118.25","2.55M","-1.77%"
"07/28/2023","118.66","119.23","120.23","118.48","2.39M","0.13%"
"07/31/2023","117.66","118.72","119.04","117.05","3.17M","-0.84%"
"08/01/2023","113.94","117.00","117.05","113.77","4.87M","-3.16%"
"08/02/2023","110.22","112.60","114.12","110.04","4.55M","-3.26%"
"08/03/2023","109.95","108.63","114.77","108.26","6.04M","-0.24%"
"08/04/2023","108.19","108.89","111.68","107.60","4.04M","-1.60%"
"08/07/2023","101.20","106.53","106.53","98.43","10.24M","-6.46%"
"08/08/2023","99.74","101.36","101.82","98.86","4.70M","-1.44%"
"08/09/2023","101.82","99.57","102.85","98.64","3.76M","2.09%"
"08/10/2023","100.28","102.88","104.17","99.69","3.11M","-1.51%"
"08/11/2023","101.49","99.08","102.02","98.95","2.86M","1.21%"
"08/14/2023","100.00","100.87","100.87","97.80","3.04M","-1.47%"
"08/15/2023","96.41","98.73","98.93","96.10","3.23M","-3.59%"
"08/16/2023","98.92","95.46","99.74","95.02","5.20M","2.60%"
"08/17/2023","106.24","98.99","106.58","98.92","7.54M","7.40%"
"08/18/2023","101.62","105.90","107.26","101.40","4.14M","-4.35%"
"08/21/2023","111.08","101.99","112.32","101.82","7.75M","9.31%"
"08/22/2023","116.24","112.50","116.88","112.46","7.10M","4.65%"
"08/23/2023","115.46","117.34","117.68","111.85","3.77M","-0.67%"
"08/24/2023","112.65","114.93","115.37","112.58","2.72M","-2.43%"
"08/25/2023","111.93","113.65","114.70","109.81","2.71M","-0.64%"
"08/28/2023","113.83","114.73","116.95","113.00","2.70M","1.70%"
"08/29/2023","115.99","113.75","116.44","113.72","2.85M","1.90%"
"08/30/2023","116.62","116.19","118.07","114.00","3.33M","0.54%"
"08/31/2023","113.07","116.44","116.60","112.86","3.31M","-3.04%"
"09/01/2023","112.56","114.21","114.72","111.57","2.24M","-0.45%"
"09/05/2023","109.36","112.72","112.78","108.99","2.87M","-2.84%"
"09/06/2023","108.24","109.75","109.75","106.60","2.92M","-1.02%"
"09/07/2023","108.35","107.61","110.12","106.70","2.66M","0.10%"
"09/08/2023","107.64","107.62","109.47","106.87","2.16M","-0.66%"
"09/11/2023","105.80","106.80","107.25","104.50","3.06M","-1.71%"
"09/12/2023","105.24","105.37","106.18","103.53","2.73M","-0.53%"
"09/13/2023","108.59","113.80","114.88","107.24","9.82M","3.18%"
"09/14/2023","112.81","108.59","114.33","106.39","5.51M","3.89%"
"09/15/2023","114.59","112.99","115.25","111.90","6.33M","1.58%"
"09/18/2023","104.14","114.21","114.30","103.81","7.53M","-9.12%"
"09/19/2023","106.74","102.31","107.79","101.85","4.12M","2.50%"
"09/20/2023","103.53","106.65","106.66","103.27","2.88M","-3.01%"
"09/21/2023","100.23","101.78","103.59","100.07","3.22M","-3.19%"
"09/22/2023","99.99","100.77","100.98","98.51","2.28M","-0.24%"
"09/25/2023","98.17","99.52","99.80","97.11","2.91M","-1.82%"
"09/26/2023","98.12","98.57","99.62","97.89","2.89M","-0.05%"
"09/27/2023","99.44","98.76","100.33","97.90","2.37M","1.35%"
"09/28/2023","100.27","98.94","101.03","97.32","2.03M","0.83%"
"09/29/2023","103.29","100.97","104.74","100.97","4.20M","3.01%"
"10/02/2023","103.31","103.12","104.06","101.48","2.41M","0.02%"
"10/03/2023","103.08","101.93","103.68","100.92","2.42M","-0.22%"
"10/04/2023","104.26","104.61","104.82","99.33","3.30M","1.14%"
"10/05/2023","102.97","103.70","104.36","99.61","2.82M","-1.24%"
"10/06/2023","103.88","101.63","104.97","101.11","2.46M","0.88%"
"10/09/2023","101.84","102.73","102.77","98.01","3.17M","-1.96%"
"10/10/2023","104.43","101.95","104.84","101.50","2.25M","2.54%"
"10/11/2023","102.76","104.96","105.94","102.43","2.10M","-1.60%"
"10/12/2023","100.78","102.00","102.81","100.31","2.75M","-1.93%"
"10/13/2023","98.30","100.00","100.59","97.56","3.39M","-2.46%"
"10/16/2023","91.94","95.30","96.65","90.18","9.06M","-6.47%"
"10/17/2023","86.33","90.38","91.69","86.24","8.60M","-6.10%"
"10/18/2023","86.01","85.55","87.55","85.10","4.69M","-0.37%"
"10/19/2023","82.37","85.81","86.89","80.48","6.50M","-4.23%"
"10/20/2023","80.40","82.13","82.45","79.71","5.46M","-2.39%"
"10/23/2023","78.64","79.15","80.82","78.28","4.58M","-2.19%"
"10/24/2023","79.76","78.81","81.62","78.81","3.19M","1.42%"
"10/25/2023","76.76","78.55","78.82","75.89","3.61M","-3.76%"
"10/26/2023","75.98","76.73","77.22","75.44","3.43M","-1.02%"
"10/27/2023","71.91","75.90","76.56","71.55","5.44M","-5.36%"
"10/30/2023","74.07","71.88","74.40","71.80","4.23M","3.00%"
"10/31/2023","75.96","72.91","76.15","72.65","3.78M","2.55%"
"11/01/2023","76.20","75.22","77.00","74.62","4.14M","0.32%"
"11/02/2023","71.23","64.35","73.30","62.55","16.65M","-6.52%"
"11/03/2023","77.53","73.09","79.25","73.04","8.88M","8.84%"
"11/06/2023","72.07","78.04","79.06","71.70","6.00M","-7.04%"
"11/07/2023","73.66","72.22","73.72","71.34","4.00M","2.21%"
"11/08/2023","71.34","73.65","73.67","70.11","4.53M","-3.15%"
"11/09/2023","69.51","71.74","71.80","68.95","3.65M","-2.57%"
"11/10/2023","70.05","69.60","70.28","67.85","3.98M","0.78%"
"11/13/2023","70.21","69.59","70.26","67.62","3.17M","0.23%"
"11/14/2023","74.10","73.62","74.75","72.99","4.45M","5.54%"
"11/15/2023","76.35","74.46","78.30","74.21","3.95M","3.04%"
"11/16/2023","76.55","76.15","76.62","74.18","3.11M","0.26%"
"11/17/2023","76.44","77.15","77.42","74.78","3.16M","-0.14%"
"11/20/2023","78.96","76.80","79.80","76.01","3.55M","3.30%"
"11/21/2023","77.14","77.08","77.67","75.90","2.71M","-2.30%"
"11/22/2023","78.17","78.06","78.67","76.83","2.20M","1.34%"
"11/24/2023","78.52","78.66","81.12","77.77","2.15M","0.45%"
"11/27/2023","77.72","78.36","78.36","75.66","2.96M","-1.02%"
"11/28/2023","78.18","77.32","78.25","75.84","2.24M","0.59%"
"11/29/2023","79.01","78.95","80.89","78.85","2.57M","1.06%"
"11/30/2023","77.70","79.63","80.20","77.52","3.31M","-1.66%"
"12/01/2023","79.83","76.58","80.26","74.50","3.96M","2.74%"
"12/04/2023","79.87","79.56","80.73","77.66","3.17M","0.05%"
"12/05/2023","78.28","78.30","79.72","77.70","2.16M","-1.99%"
"12/06/2023","80.60","78.97","84.12","77.64","4.40M","2.96%"
"12/07/2023","79.95","80.49","80.53","77.40","3.48M","-0.81%"
"12/08/2023","80.32","79.16","81.82","78.76","2.93M","0.46%"
"12/11/2023","82.00","79.94","82.56","79.77","3.86M","2.09%"
"12/12/2023","78.04","81.24","81.39","76.41","5.21M","-4.83%"
"12/13/2023","78.60","76.00","78.72","73.25","7.96M","0.72%"
"12/14/2023","85.87","88.47","94.93","83.73","22.30M","9.25%"
"12/15/2023","86.01","87.03","89.53","85.40","12.82M","0.16%"
"12/18/2023","85.42","85.87","86.80","83.60","5.82M","-0.69%"
"12/19/2023","89.09","86.41","89.29","84.80","5.93M","4.30%"
"12/20/2023","86.19","88.93","90.18","86.12","4.50M","-3.26%"
"12/21/2023","91.16","87.50","92.38","86.68","5.34M","5.77%"
"12/22/2023","94.89","92.00","96.49","91.95","6.17M","4.09%"
"12/26/2023","97.33","96.39","97.77","94.34","3.85M","2.57%"
"12/27/2023","100.73","98.47","100.98","97.36","5.41M","3.49%"
"12/28/2023","98.79","101.60","102.95","97.91","4.56M","-1.93%"
"12/29/2023","99.45","98.61","100.80","98.02","5.20M","0.67%"
"01/02/2024","112.50","99.88","115.68","99.40","14.53M","13.12%"
"01/03/2024","108.58","112.51","112.67","107.58","8.35M","-3.48%"
"01/04/2024","108.66","109.01","109.41","105.51","6.28M","0.07%"
"01/05/2024","111.12","107.77","115.81","106.50","9.22M","2.26%"
"01/08/2024","115.44","111.47","115.97","108.62","6.01M","3.89%"
"01/09/2024","110.18","113.88","114.25","108.87","5.10M","-4.56%"
"01/10/2024","109.46","110.00","110.01","106.65","4.08M","-0.65%"
"01/11/2024","106.79","108.61","108.61","105.53","4.02M","-2.43%"
"01/12/2024","105.95","107.00","110.80","105.88","3.87M","-0.79%"
"01/16/2024","102.16","104.31","104.31","97.52","5.93M","-3.58%"
"01/17/2024","100.35","98.30","101.49","97.61","4.58M","-1.77%"
"01/18/2024","99.07","100.01","100.01","96.65","3.78M","-1.28%"
"01/19/2024","99.70","98.43","100.44","97.08","3.73M","0.64%"
"01/22/2024","99.70","100.25","102.97","98.60","3.40M","0.00%"
"01/23/2024","101.92","100.50","102.94","99.54","2.82M","2.23%"
"01/24/2024","101.11","103.20","104.27","101.01","2.60M","-0.79%"
"01/25/2024","102.81","101.76","103.82","101.07","2.69M","1.68%"
"01/26/2024","101.81","103.55","103.90","101.01","2.35M","-0.97%"
"01/29/2024","104.84","101.79","105.81","100.01","3.46M","2.98%"
"01/30/2024","102.47","103.51","104.00","101.90","2.18M","-2.26%"
"01/31/2024","101.05","102.47","104.09","100.50","2.54M","-1.39%"
"02/01/2024","99.02","100.90","101.00","97.17","3.77M","-2.01%"
"02/02/2024","97.50","97.39","98.21","95.30","3.35M","-1.54%"
"02/05/2024","95.49","96.70","96.95","94.17","2.80M","-2.06%"
"02/06/2024","100.03","95.65","100.10","95.14","3.05M","4.75%"
"02/07/2024","99.30","100.15","100.24","97.86","2.27M","-0.73%"
"02/08/2024","93.66","99.00","99.00","92.95","4.92M","-5.68%"
"02/09/2024","87.41","93.36","93.36","86.41","7.22M","-6.67%"
"02/12/2024","89.00","87.41","89.07","85.75","3.99M","1.82%"
"02/13/2024","85.37","86.81","88.30","84.06","4.04M","-4.08%"
"02/14/2024","85.95","86.04","86.85","84.23","3.57M","0.68%"
"02/15/2024","91.14","86.13","92.08","84.80","4.97M","6.04%"
"02/16/2024","88.37","90.41","90.85","87.37","3.71M","-3.04%"
"02/20/2024","86.99","87.36","89.54","86.48","3.14M","-1.56%"
"02/21/2024","87.59","86.15","88.57","85.53","3.76M","0.69%"
"02/22/2024","99.44","91.86","101.73","91.06","11.35M","13.53%"
"02/23/2024","96.46","99.60","100.97","95.32","4.53M","-3.00%"
"02/26/2024","94.02","93.68","94.79","91.46","4.58M","-2.53%"
"02/27/2024","96.20","94.31","97.47","92.50","3.09M","2.32%"
"02/28/2024","97.48","95.00","99.27","94.34","2.97M","1.33%"
"02/29/2024","92.24","96.79","97.24","92.22","5.32M","-5.38%"
"03/01/2024","95.06","92.52","96.88","92.11","3.79M","3.06%"
"03/04/2024","96.00","94.65","96.14","92.60","3.47M","0.99%"
"03/05/2024","95.56","94.65","96.17","93.35","2.86M","-0.46%"
"03/06/2024","98.10","96.38","98.51","95.58","3.33M","2.66%"
"03/07/2024","99.48","99.10","99.92","96.51","3.20M","1.41%"
"03/08/2024","103.03","99.21","103.95","98.65","4.33M","3.57%"
"03/11/2024","111.98","103.44","114.25","102.75","9.87M","8.69%"
"03/12/2024","110.43","112.00","113.70","109.92","4.18M","-1.38%"
"03/13/2024","106.51","110.43","112.65","105.99","5.12M","-3.55%"
"03/14/2024","103.46","106.14","106.99","101.88","4.64M","-2.86%"
"03/15/2024","103.85","103.17","104.72","100.94","5.46M","0.38%"
"03/18/2024","104.26","104.98","107.59","103.65","4.03M","0.39%"
"03/19/2024","105.11","103.90","105.55","102.64","3.05M","0.82%"
"03/20/2024","103.08","103.41","103.60","100.30","3.42M","-1.93%"
"03/21/2024","104.09","104.50","106.38","102.55","2.25M","0.98%"
"03/22/2024","105.43","104.11","105.97","103.51","2.04M","1.29%"
"03/25/2024","110.38","106.00","110.75","105.90","3.57M","4.70%"
"03/26/2024","107.41","111.80","111.80","106.93","4.15M","-2.69%"
"03/27/2024","110.59","109.58","111.13","105.04","4.58M","2.96%"
"03/28/2024","106.56","111.10","112.00","105.95","3.96M","-3.64%"
"04/01/2024","105.60","106.29","106.65","103.55","2.92M","-0.90%"
"04/02/2024","103.61","104.71","105.95","103.07","2.60M","-1.88%"
"04/03/2024","101.21","103.00","105.15","97.00","5.17M","-2.32%"
"04/04/2024","102.27","102.69","105.98","101.72","3.09M","1.05%"
"04/05/2024","102.88","101.76","103.82","101.05","2.13M","0.60%"
"04/08/2024","105.09","102.27","105.22","101.06","2.06M","2.15%"
"04/09/2024","111.60","105.90","115.89","105.78","8.95M","6.19%"
"04/10/2024","107.14","107.65","110.29","105.90","3.54M","-4.00%"
"04/11/2024","107.01","107.56","108.60","103.68","3.21M","-0.12%"
"04/12/2024","105.14","106.00","107.88","104.65","2.42M","-1.75%"
"04/15/2024","103.86","105.02","106.20","102.30","2.27M","-1.22%"
"04/16/2024","103.79","102.08","106.42","101.30","2.16M","-0.07%"
"04/17/2024","103.44","105.14","105.14","102.27","2.00M","-0.34%"
"04/18/2024","102.00","102.53","103.50","99.90","1.80M","-1.39%"
"04/19/2024","101.41","102.37","103.79","100.45","2.67M","-0.58%"
"04/22/2024","104.46","102.79","105.43","99.30","3.18M","3.01%"
"04/23/2024","107.89","104.46","108.21","103.48","2.44M","3.28%"
"04/24/2024","108.85","111.05","111.29","106.64","3.41M","0.89%"
"04/25/2024","106.18","107.43","108.23","103.52","2.80M","-2.45%"
"04/26/2024","107.97","106.18","108.19","105.25","2.25M","1.69%"
"04/29/2024","111.62","108.78","112.33","108.72","2.61M","3.38%"
"04/30/2024","110.31","110.50","113.21","109.55","3.21M","-1.17%"
"05/01/2024","111.46","111.11","113.73","109.00","3.84M","1.04%"
"05/02/2024","125.59","114.86","128.81","114.06","11.97M","12.68%"
"05/03/2024","125.00","125.00","126.40","122.01","4.51M","-0.47%"
"05/06/2024","122.13","125.00","125.15","118.75","3.95M","-2.30%"
"05/07/2024","121.07","122.86","123.50","118.68","2.89M","-0.87%"
"05/08/2024","121.89","120.00","122.82","119.50","2.51M","0.68%"
"05/09/2024","122.69","123.15","125.50","121.68","3.37M","0.66%"
"05/10/2024","117.31","120.75","124.90","116.73","4.24M","-4.39%"
"05/13/2024","125.67","119.47","126.88","119.03","4.10M","7.13%"
"05/14/2024","128.32","127.00","129.94","126.34","3.63M","2.11%"
"05/15/2024","129.06","127.49","129.20","124.98","2.96M","0.58%"
"05/16/2024","132.68","129.76","133.04","127.83","3.01M","2.80%"
"05/17/2024","132.90","132.52","134.60","129.67","2.72M","0.17%"
"05/20/2024","141.01","132.98","142.79","131.72","4.71M","6.10%"
"05/21/2024","143.69","139.47","143.87","138.10","3.38M","1.90%"
"05/22/2024","163.33","142.90","164.88","142.81","13.59M","13.67%"
"05/23/2024","164.01","160.00","165.14","157.46","7.12M","0.42%"
"05/24/2024","166.61","163.68","170.47","162.00","5.05M","1.59%"
"05/28/2024","153.20","161.64","164.73","148.50","6.64M","-8.05%"
"05/29/2024","147.92","150.00","150.00","140.23","5.51M","-3.45%"
"05/30/2024","151.49","150.35","152.79","143.52","4.67M","2.41%"
"05/31/2024","142.55","152.10","158.13","140.74","7.18M","-5.90%"
"06/03/2024","147.82","139.75","150.80","137.52","4.94M","3.70%"
"06/04/2024","145.34","147.66","147.66","141.30","3.05M","-1.68%"
"06/05/2024","154.84","146.75","155.39","145.04","4.05M","6.54%"
"06/06/2024","154.69","157.95","158.82","152.39","3.37M","-0.10%"
"06/07/2024","151.01","152.79","153.56","149.13","2.52M","-2.38%"
"06/10/2024","148.59","151.50","152.28","143.77","5.97M","-1.60%"
"06/11/2024","148.39","148.30","150.65","146.95","1.92M","-0.13%"
"06/12/2024","147.72","150.00","150.74","142.27","3.49M","-0.45%"
"06/13/2024","145.23","147.00","148.84","144.87","1.82M","-1.69%"
"06/14/2024","140.03","142.67","145.74","138.17","3.60M","-3.58%"
"06/17/2024","137.90","138.16","139.92","135.27","3.38M","-1.52%"
"06/18/2024","133.27","136.58","137.27","131.52","3.97M","-3.36%"
"06/20/2024","134.40","132.54","136.70","130.50","3.55M","0.85%"
"06/21/2024","133.40","136.00","136.36","132.16","5.23M","-0.74%"
"06/24/2024","137.00","134.57","137.57","133.17","3.44M","2.70%"
"06/25/2024","137.60","136.00","138.07","134.73","3.39M","0.44%"
"06/26/2024","122.45","135.17","135.37","122.12","7.72M","-11.01%"
"06/27/2024","121.18","121.90","122.28","118.52","4.80M","-1.04%"
"06/28/2024","118.75","122.59","123.25","118.03","3.98M","-2.01%"
"07/01/2024","115.95","117.05","123.74","115.14","3.72M","-2.36%"
"07/02/2024","117.07","117.34","119.14","114.02","3.43M","0.97%"
"07/03/2024","115.95","118.74","119.39","115.30","1.85M","-0.96%"
"07/05/2024","118.32","117.30","118.88","115.70","3.07M","2.04%"
"07/08/2024","116.45","118.41","119.30","115.56","2.20M","-1.58%"
"07/09/2024","116.07","116.71","118.84","115.40","2.51M","-0.33%"
"07/10/2024","117.44","116.10","120.38","115.29","2.82M","1.18%"
"07/11/2024","122.82","120.03","124.19","119.39","4.16M","4.58%"
"07/12/2024","121.46","123.68","129.39","121.01","4.53M","-1.11%"
"07/15/2024","121.48","121.10","121.94","116.00","2.68M","0.02%"
"07/16/2024","125.14","122.76","127.20","120.79","3.01M","3.01%"
"07/17/2024","124.06","123.12","125.32","120.11","2.85M","-0.87%"
"07/18/2024","121.32","124.10","126.42","121.00","2.02M","-2.20%"
"07/19/2024","121.14","121.01","121.98","118.80","2.21M","-0.15%"
"07/22/2024","122.50","122.52","124.06","120.44","1.81M","1.12%"
"07/23/2024","121.25","121.84","123.50","120.22","1.75M","-1.02%"
"07/24/2024","118.19","119.81","120.04","115.47","3.30M","-2.52%"
"07/25/2024","120.40","117.78","122.40","116.58","2.64M","1.87%"
"07/26/2024","122.11","121.83","122.34","119.43","1.89M","1.42%"
"07/29/2024","122.17","122.55","122.85","119.76","2.09M","0.05%"
"07/30/2024","118.84","123.57","125.68","118.50","2.67M","-2.73%"
"07/31/2024","119.22","120.53","122.45","118.10","3.12M","0.32%"
"08/01/2024","94.17","99.58","102.90","93.60","18.59M","-21.01%"
"08/02/2024","86.58","91.17","91.68","84.43","10.33M","-8.06%"
"08/05/2024","83.75","80.37","85.86","78.07","8.06M","-3.27%"
"08/06/2024","82.30","84.92","85.57","80.17","5.19M","-1.73%"
"08/07/2024","81.55","84.08","85.75","80.34","4.32M","-0.91%"
"08/08/2024","84.32","82.50","85.40","82.07","3.54M","3.40%"
"08/09/2024","84.93","84.39","85.20","82.59","2.39M","0.72%"
"08/12/2024","81.29","85.00","85.00","80.78","3.07M","-4.29%"
"08/13/2024","82.90","81.43","83.04","80.58","2.93M","1.98%"
"08/14/2024","82.25","82.75","83.52","81.35","2.64M","-0.78%"
"08/15/2024","86.62","83.65","87.88","83.56","3.97M","5.31%"
"08/16/2024","86.84","88.00","88.78","86.24","3.40M","0.25%"
"08/19/2024","89.96","87.02","91.99","86.62","4.14M","3.59%"
"08/20/2024","86.94","89.24","89.80","86.91","2.71M","-3.36%"
"08/21/2024","86.65","87.73","88.59","85.88","3.15M","-0.33%"
"08/22/2024","81.04","86.16","86.80","80.76","5.35M","-6.47%"
"08/23/2024","82.44","82.35","84.28","81.25","4.23M","1.73%"
"08/26/2024","81.66","82.63","83.67","81.25","2.30M","-0.95%"
"08/27/2024","78.98","81.59","81.61","78.40","3.64M","-3.28%"
"08/28/2024","78.36","79.95","80.56","78.20","3.02M","-0.79%"
"08/29/2024","77.59","78.78","79.60","77.46","3.31M","-0.98%"
"08/30/2024","77.40","78.48","78.52","76.06","3.59M","-0.24%"
"09/03/2024","72.94","77.55","77.75","72.54","5.18M","-5.76%"
"09/04/2024","72.49","72.40","74.43","71.62","4.23M","-0.62%"
"09/05/2024","73.44","72.78","73.60","71.51","2.54M","1.31%"
"09/06/2024","72.89","73.44","73.60","71.65","3.43M","-0.75%"
"09/09/2024","76.61","73.48","78.80","73.26","5.32M","5.10%"
"09/10/2024","79.28","76.12","79.96","75.95","3.66M","3.49%"
"09/11/2024","79.51","79.05","79.88","77.44","3.37M","0.29%"
"09/12/2024","69.68","67.89","70.85","64.11","23.99M","-12.36%"
"09/13/2024","68.28","66.17","68.58","65.55","11.97M","-2.01%"
"09/16/2024","69.17","68.12","70.60","67.81","4.88M","1.30%"
"09/17/2024","71.99","70.11","75.37","69.79","7.18M","4.08%"
"09/18/2024","69.86","72.19","73.35","69.82","4.28M","-2.96%"
"09/19/2024","68.02","71.85","71.97","67.91","5.07M","-2.63%"
"09/20/2024","65.69","67.60","67.91","64.70","12.42M","-3.43%"
"09/23/2024","64.14","66.05","66.05","64.10","5.92M","-2.36%"
"09/24/2024","63.94","64.80","65.25","63.88","5.17M","-0.31%"
"09/25/2024","63.64","63.95","64.86","63.51","4.52M","-0.47%"
"09/26/2024","63.93","64.80","65.07","63.37","4.47M","0.46%"
"09/27/2024","65.75","64.85","66.88","64.25","4.74M","2.85%"
"09/30/2024","66.83","65.69","67.96","65.31","4.81M","1.64%"
"10/01/2024","63.93","67.13","67.55","63.41","4.64M","-4.34%"
"10/02/2024","63.16","63.52","63.69","62.58","4.11M","-1.20%"
"10/03/2024","61.07","62.53","62.97","61.03","4.71M","-3.31%"
"10/04/2024","60.20","61.51","62.11","59.62","6.22M","-1.42%"
"10/07/2024","58.72","60.20","60.65","58.33","5.02M","-2.46%"
"10/08/2024","58.39","58.53","58.67","57.75","3.83M","-0.56%"
"10/09/2024","58.86","58.33","59.52","57.90","2.97M","0.80%"
"10/10/2024","56.83","58.41","58.70","56.64","4.41M","-3.45%"
"10/11/2024","58.29","56.71","59.73","55.70","6.26M","2.57%"
"10/14/2024","57.73","57.90","58.96","57.05","3.36M","-0.96%"
"10/15/2024","57.31","57.64","58.62","57.12","4.09M","-0.73%"
"10/16/2024","57.46","57.82","58.45","57.12","3.26M","0.26%"
"10/17/2024","54.82","57.08","57.15","54.82","5.42M","-4.59%"
"10/18/2024","54.10","54.53","55.10","53.55","6.75M","-1.31%"
"10/21/2024","53.80","53.82","54.76","53.05","4.09M","-0.55%"
"10/22/2024","53.40","53.67","54.79","52.81","3.56M","-0.74%"
"10/23/2024","53.39","53.22","54.74","52.77","4.29M","-0.02%"
"10/24/2024","52.80","53.39","53.84","52.26","3.77M","-1.11%"
"10/25/2024","53.09","53.01","54.51","52.80","3.70M","0.55%"
"10/28/2024","54.80","53.31","55.77","53.10","5.01M","3.22%"
"10/29/2024","55.22","55.21","57.69","54.88","5.59M","0.77%"
"10/30/2024","54.72","54.37","55.03","53.50","4.28M","-0.91%"
"10/31/2024","54.36","54.35","54.58","52.92","4.51M","-0.66%"
"11/01/2024","54.63","54.49","55.35","53.89","4.79M","0.50%"
"11/04/2024","53.54","54.60","55.65","53.41","4.04M","-2.00%"
"11/05/2024","53.29","53.53","54.32","52.08","5.77M","-0.47%"
"11/06/2024","51.81","52.61","52.85","49.60","10.68M","-2.78%"
"11/07/2024","50.28","56.60","56.69","49.94","18.21M","-2.95%"
"11/08/2024","46.83","50.42","50.90","46.57","13.56M","-6.86%"
"11/11/2024","42.75","46.83","46.88","42.25","15.92M","-8.71%"
"11/12/2024","43.47","42.19","44.11","41.54","10.71M","1.68%"
"11/13/2024","42.14","43.25","43.28","41.71","7.73M","-3.06%"
"11/14/2024","39.77","42.05","42.06","38.76","12.89M","-5.62%"
"11/15/2024","36.85","38.55","38.70","35.80","24.36M","-7.34%"
"11/18/2024","39.51","38.31","39.76","37.10","13.88M","7.22%"
"11/19/2024","37.29","38.90","39.28","37.01","9.15M","-5.62%"
"11/20/2024","36.94","37.29","38.22","36.41","7.34M","-0.94%"
"11/21/2024","38.25","36.55","38.82","35.96","8.96M","3.55%"
"11/22/2024","41.11","38.44","42.40","37.76","13.41M","7.48%"
"11/25/2024","43.66","43.00","46.30","42.83","15.82M","6.20%"
"11/26/2024","42.05","43.13","43.30","41.47","7.25M","-3.69%"
"11/27/2024","43.39","42.49","43.46","42.08","5.08M","3.19%"
"11/29/2024","43.06","43.25","43.85","42.30","3.59M","-0.76%"
"12/02/2024","44.26","43.33","44.66","42.07","6.83M","2.79%"
"12/03/2024","42.58","43.98","44.25","42.36","7.19M","-3.80%"
"12/04/2024","41.63","42.76","42.80","41.48","5.01M","-2.23%"
"12/05/2024","42.94","41.90","44.45","41.74","8.08M","3.15%"
"12/06/2024","44.44","43.52","46.62","43.16","8.74M","3.49%"
"12/09/2024","45.65","44.77","47.41","44.10","7.29M","2.72%"
"12/10/2024","41.51","45.36","45.49","41.06","10.48M","-9.07%"
"12/11/2024","42.86","41.90","43.25","41.06","5.62M","3.25%"
"12/12/2024","42.82","42.55","43.80","41.70","5.24M","-0.09%"
"12/13/2024","41.83","42.24","42.69","41.38","4.86M","-2.31%"
"12/16/2024","41.84","42.16","44.38","41.28","8.04M","0.02%"
"12/17/2024","40.76","41.85","43.17","40.63","6.27M","-2.58%"
"12/18/2024","38.36","40.05","41.72","38.20","8.57M","-5.89%"
"12/19/2024","39.56","38.56","39.87","37.44","7.50M","3.13%"
"12/20/2024","39.39","39.20","40.83","39.12","35.48M","-0.43%"
"12/23/2024","39.59","39.19","40.34","38.52","5.11M","0.51%"
"12/24/2024","40.27","39.59","40.35","38.75","2.52M","1.72%"
"12/26/2024","40.43","39.56","40.55","39.24","4.24M","0.40%"
"12/27/2024","40.13","40.35","41.49","39.79","4.83M","-0.74%"
"12/30/2024","39.38","39.74","40.50","38.88","5.51M","-1.87%"
"12/31/2024","41.58","39.71","41.79","39.39","7.57M","5.59%"
"01/02/2025","42.00","42.20","43.30","41.41","5.31M","1.01%"
"01/03/2025","42.18","42.25","42.62","41.08","5.56M","0.43%"
"01/06/2025","42.57","44.00","44.52","41.63","8.58M","0.92%"
"01/07/2025","47.53","43.90","48.92","42.86","22.59M","11.65%"
"01/08/2025","43.17","47.60","47.70","43.01","13.35M","-9.17%"
"01/10/2025","42.25","42.76","43.70","41.78","6.41M","-2.13%"
"01/13/2025","35.15","33.30","35.38","31.94","33.49M","-16.80%"
"01/14/2025","34.46","35.15","35.68","33.18","14.43M","-1.96%"
"01/15/2025","34.77","35.18","35.54","34.46","7.46M","0.90%"
"01/16/2025","33.76","34.75","34.95","33.34","7.34M","-2.90%"
"01/17/2025","34.06","33.84","34.79","33.60","8.13M","0.89%"
"01/21/2025","35.89","35.76","37.90","35.30","12.83M","5.37%"
"01/22/2025","38.50","36.35","41.09","36.00","16.69M","7.27%"
"01/23/2025","42.39","38.40","42.54","36.99","13.68M","10.10%"
"01/24/2025","41.41","43.18","45.40","40.78","17.25M","-2.31%"
"01/27/2025","41.65","40.87","44.08","40.71","12.16M","0.58%"
"01/28/2025","44.94","41.99","45.15","40.75","13.29M","7.90%"
"01/29/2025","40.72","43.28","44.74","40.67","14.60M","-9.39%"
"01/30/2025","41.04","41.40","42.54","39.88","12.26M","0.79%"
"01/31/2025","39.42","41.19","41.46","39.31","6.54M","-3.95%"
"02/03/2025","36.55","38.21","38.65","35.93","13.51M","-7.28%"
"02/04/2025","34.17","36.65","37.92","33.84","22.90M","-6.51%"
"02/05/2025","34.98","34.32","35.57","33.90","9.39M","2.37%"
"02/06/2025","33.61","35.20","35.24","33.61","8.98M","-3.92%"
"02/07/2025","32.60","33.51","33.77","32.46","9.65M","-3.01%"
"02/10/2025","31.87","33.00","33.39","31.66","10.92M","-2.24%"
"02/11/2025","30.93","31.52","32.42","30.70","10.09M","-2.95%"
"02/12/2025","30.53","30.97","31.08","30.24","8.36M","-1.28%"
"02/13/2025","31.92","31.00","31.96","30.27","14.72M","4.54%"
"02/14/2025","32.99","30.53","33.91","29.25","25.33M","3.35%"
"02/18/2025","35.75","33.05","36.98","32.04","18.97M","8.37%"
"02/19/2025","35.90","35.11","36.75","35.05","10.04M","0.42%"
"02/20/2025","33.73","36.23","36.30","32.78","11.42M","-6.04%"
"02/21/2025","35.53","33.89","35.97","33.18","21.45M","5.34%"
"02/24/2025","33.90","33.88","34.56","33.28","8.89M","-4.59%"
"02/25/2025","33.28","33.98","35.48","32.93","11.40M","-1.83%"
"02/26/2025","33.58","33.26","34.17","32.71","6.70M","0.90%"
"02/27/2025","31.09","32.56","33.00","31.00","9.87M","-7.42%"
"02/28/2025","30.96","30.77","31.31","30.20","8.75M","-0.42%"
"03/03/2025","30.27","31.18","32.00","30.16","6.74M","-2.23%"
"03/04/2025","30.37","29.77","31.14","29.35","8.06M","0.33%"
"03/05/2025","35.21","32.50","35.39","30.91","21.84M","15.94%"
"03/06/2025","34.30","34.09","35.25","33.21","11.33M","-2.58%"
"03/07/2025","35.61","34.47","37.91","33.93","17.34M","3.82%"
"03/10/2025","35.96","35.20","37.55","35.15","12.54M","0.98%"
"03/11/2025","33.76","36.00","36.02","32.62","12.41M","-6.12%"
"03/12/2025","35.01","34.42","35.29","33.79","6.61M","3.70%"
"03/13/2025","34.30","35.15","38.07","34.20","8.85M","-2.03%"